_id,timestamp,serialNumber,counter,errorContext,errorCode,errorInfo,status,__v
ObjectId("5cc6f6a6dac27d1ec602a71f"),1556634366652,S172601482,8237,Scale,00799,allarme bilancia,MANAGED,0
ObjectId("5cc6d959dac27d1ec602a70e"),1556634366652,S172601482,8237,Scale,01001,allarme bilancia,MANAGED,0
ObjectId("5ccbebed8fd1b6470f7c2b0b"),1556868069000,S172601482,3,Scale,01015,61320 kg,MANAGED,0
ObjectId("5ccbeb6b8fd1b6470f7c2ae2"),1556634466652,S172601482,1,Cell - 99019908,01014,202474.5,MANAGED,0
ObjectId("5cc6f6f0dac27d1ec602a723"),1556634366652,S172601482,8237,Scale,00799,allarme bilancia,MANAGED,0
ObjectId("5ccbebec8fd1b6470f7c2b02"),1556868069000,S172601482,2,Cell - 99019908,01014,273011.5,MANAGED,0
ObjectId("5cda5e95c34b8da610a5b4e8"),1557814872000,S172601482,1,Cell - 99019907,01014,205649.6,MANAGED,0
ObjectId("5cda5f5ec34b8d6a11a5b657"),1557815071000,S172601482,3,Cell - 99019907,01014,306416.8,MANAGED,0
ObjectId("5cda5f5bc34b8d0a1da5b642"),1557815070000,S172601482,2,Scale - S172601482,01015,65740 kg,MANAGED,0
ObjectId("5cdecbcecdf03ae7f9d33ba1"),1558104708000,S172601482,1,Cell - ,01001,time out,MANAGED,0
ObjectId("5ce2b8ae565517778afea61c"),1558357484000,S172601482,12,Cell - 99019903,01001,at power up,MANAGED,0
ObjectId("5cdecbddcdf03a400dd33bb7"),1558104714000,S172601482,6,Cell - ,01001,,MANAGED,0
ObjectId("5cdecbe0cdf03a90b1d33bba"),1558104715000,S172601482,7,Cell - ,01001,,MANAGED,0
ObjectId("5cdecce8cbf3ee85a971ccf9"),1558104744000,S172601482,19,Scale - S172601482,01001,,MANAGED,0
ObjectId("5cdecbe7cdf03aa326d33bc7"),1558104715000,S172601482,9,Cell - ,01001,,MANAGED,0
ObjectId("5cdecce2cbf3eec62371ccc5"),1558104744000,S172601482,13,Cell - ,01001,at power up,MANAGED,0
ObjectId("5ce2b89c56551758eafea5fe"),1558357454000,S172601482,6,Cell - 99019904,01001,,MANAGED,0
ObjectId("5cdecbd7cdf03adecfd33bb1"),1558104714000,S172601482,4,Cell - ,01001,,MANAGED,0
ObjectId("5cdecbe4cdf03a0f21d33bbd"),1558104715000,S172601482,8,Cell - ,01001,,MANAGED,0
ObjectId("5cdecbdbcdf03a0f19d33bb4"),1558104714000,S172601482,5,Cell - ,01001,,MANAGED,0
ObjectId("5ce2b8995655173fe2fea5f9"),1558357454000,S172601482,5,Cell - 99019903,01001,,MANAGED,0
ObjectId("5ce2b8a85655171b79fea612"),1558684300009,S172601482,10,Cell - 99019901,01001,at power up,MANAGED,0
ObjectId("5cdecce3cbf3ee74eb71ccc8"),1558104744000,S172601482,14,Cell - ,01001,at power up,MANAGED,0
ObjectId("5cdecbd2cdf03af19ad33bab"),1558104709000,S172601482,2,Cell - ,01001,time out,MANAGED,0
ObjectId("5cdecce1cbf3ee5f9a71ccc2"),1558104715000,S172601482,10,Cell - ,01001,,MANAGED,0
ObjectId("5ce2b8a55655173978fea60d"),1558357454000,S172601482,9,Cell - 99019908,01001,,MANAGED,0
ObjectId("5ce2b8ab565517b4cefea617"),1558357484000,S172601482,11,Cell - 99019902,01001,at power up,MANAGED,0
ObjectId("5ce2b89056551726e7fea5e3"),1558357452000,S172601482,2,Cell - 99019901,01001,,MANAGED,0
ObjectId("5ce2b8b45655175aa7fea626"),1558357484000,S172601482,14,Cell - 99019905,01001,at power up,MANAGED,0
ObjectId("5cdecbd4cdf03a2908d33bae"),1558104713000,S172601482,3,Cell - ,01001,,MANAGED,0
ObjectId("5cdecce7cbf3ee6fe171ccef"),1558104744000,S172601482,18,Cell - ,01001,at power up,MANAGED,0
ObjectId("5ce2b893565517b615fea5ef"),1558357452000,S172601482,3,Cell - 99019902,01001,,MANAGED,0
ObjectId("5ce2b8b15655177e73fea621"),1558357484000,S172601482,13,Cell - 99019904,01001,at power up,MANAGED,0
ObjectId("5ce2b8b7565517a0e0fea62b"),1558357484000,S172601482,15,Cell - 99019906,01001,at power up,MANAGED,0
ObjectId("5cdecce5cbf3eebcf871ccdc"),1558104744000,S172601482,16,Cell - ,01001,at power up,MANAGED,0
ObjectId("5cdecce4cbf3eecff471ccd2"),1558104744000,S172601482,15,Cell - ,01001,at power up,MANAGED,0
ObjectId("5ce2b8bd5655175cb6fea635"),1558357484000,S172601482,17,Cell - 99019908,01001,at power up,MANAGED,0
ObjectId("5ce2b8a2565517badafea608"),1558357454000,S172601482,8,Cell - 99019906,01001,,MANAGED,0
ObjectId("5ce2b8c05655178643fea639"),1558357484000,S172601482,18,Scale - S172601482,01001,,MANAGED,0
ObjectId("5cdecce0cdf03a01b0d33bd1"),1558104744000,S172601482,11,Cell - ,01001,at power up,MANAGED,0
ObjectId("5cdecce1cdf03a16edd33bdb"),1558104744000,S172601482,12,Cell - ,01001,at power up,MANAGED,0
ObjectId("5cdecce6cbf3eea93e71cce5"),1558104744000,S172601482,17,Cell - ,01001,at power up,MANAGED,0
ObjectId("5ce2b896565517b8a0fea5f4"),1558357453000,S172601482,4,Cell - 99019907,01001,,MANAGED,0
ObjectId("5ce2b89f5655170600fea603"),1558357454000,S172601482,7,Cell - 99019905,01001,,MANAGED,0
ObjectId("5ce2b8ba565517ce9efea630"),1558357484000,S172601482,16,Cell - 99019907,01001,at power up,MANAGED,0
ObjectId("5ce79f11ef02062657c4d3cb"),1557815071000,S172601482,3,Cell - 99019907,01014,306416.8,MANAGED,0
ObjectId("5ce79f11ef02062657c4d3ec"),1558085895000,S094400502,6,Scale - S094400502,01001,,MANAGED,0
ObjectId("5ce79f11ef02062657c4d3ca"),1557815070000,S172601482,2,Scale - S172601482,01015,65740 kg,MANAGED,0
ObjectId("5ce79f11ef02062657c4d3c9"),1557814872000,S172601482,1,Cell - 99019907,01014,205649.6,MANAGED,0
ObjectId("5ce79f11ef02062657c4d3ed"),1558086573000,S094400502,7,Scale - S094400502,01001,,MANAGED,0
ObjectId("5ce79f11ef02062657c4d3cd"),1558016541000,S190601082,1,Cell - 99019901,01022,time out,MANAGED,0
ObjectId("5d245e392f8cf76afc9cb5bb"),1562664492710,S172601482,2188,Cell - 99019908,01006,errore metricola,MANAGED,0
ObjectId("5d245e3d2f8cf76afc9cb5bc"),1562664492710,S172601482,2188,Cell - 99019908,01006,errore metricola,MANAGED,0
ObjectId("5d245e402f8cf76afc9cb5bd"),1562664492710,S172601482,2188,Cell - 99019908,01006,errore metricola,MANAGED,0
ObjectId("5d245e7b2f8cf76afc9cb5c2"),1562664492710,sn89763452,2188,Cell - 99019908,01006,errore metricola,MANAGED,0
ObjectId("5d245f282f8cf76afc9cb5c3"),1562664492710,newFields,2188,Cell - 99019908,01006,errore metricola,MANAGED,0
ObjectId("5d245f322f8cf76afc9cb5c4"),1562664492710,Sn3456723,2188,Cell - 99019908,01006,errore metricola,MANAGED,0
ObjectId("5d245f462f8cf76afc9cb5c5"),1562664492710,S888999,2188,Cell - 99019908,01006,errore metricola,MANAGED,0
ObjectId("5d245f592f8cf76afc9cb5c6"),1562664492710,S888999,2188,Cell - 99019908,01006,errore metricola,MANAGED,0
ObjectId("5defc214c96a9edb5ce9469e"),1575993976000,13160002,1,Cell - SN00000050,01014,203485.9,UNMANAGED,0
ObjectId("5defc21ac96a9e4b30e946a7"),1575993982000,13160002,2,Cell - SN00000050,01014,245467.2,UNMANAGED,0
ObjectId("5defc21ec96a9e6ea8e946ac"),1575993982000,P124303992,3,Scale - SN00000050,01015,22240 kg,MANAGED,0
ObjectId("5defc54ac96a9e0608e946cb"),1575994797000,13160002,4,Cell - SN00000050,01014,200311.9,UNMANAGED,0
ObjectId("5defc553c96a9e1cc6e946d8"),1575994805000,13160002,5,Cell - SN00000050,01014,245471.4,UNMANAGED,0
ObjectId("5defc556c96a9e0d25e946dd"),1575994805000,P124303992,6,Scale - SN00000050,01015,22240 kg,MANAGED,0
ObjectId("5df3b8acf76ed20d0888117a"),1576253779000,13160002,7,Cell - SN00000050,01014,205579.4,UNMANAGED,0
ObjectId("5df3b8b1f76ed23fa4881183"),1576253784000,13160002,8,Cell - SN00000050,01014,239081.1,UNMANAGED,0
ObjectId("5df3b8b5f76ed2fe6a881188"),1576253784000,P124303992,9,Scale - SN00000050,01015,21820 kg,MANAGED,0
ObjectId("5df88a091b16612bcc963b19"),1576569590000,13160002,10,Cell - SN00000050,01014,204002.1,UNMANAGED,0
ObjectId("5dfb7cf11e83df08f01a8d82"),1576762875000,13160002,11,Cell - SN00000050,01014,239127.0,UNMANAGED,0
ObjectId("5dfb7d031e83df4cec1a8d87"),1576762875000,P124303992,12,Scale - SN00000050,01015,21840 kg,MANAGED,0
ObjectId("5dfb7d161e83df1fef1a8d8c"),1576762879000,13160002,13,Cell - SN00000050,01014,214061.5,UNMANAGED,0
ObjectId("5e15b2b01365ed63216c15f3"),1578481046000,13160002,14,Cell - SN00000050,01014,239116.3,UNMANAGED,0
ObjectId("5e15b2b21365ed29e46c15f8"),1578481046000,P124303992,15,Scale - SN00000050,01015,21840 kg,MANAGED,0
ObjectId("5e2afcdb897266527d20f63a"),1579875544000,13160002,1,Cell - SN00000050,01014,216063.2,UNMANAGED,0
ObjectId("5e2afce1897266c6e620f643"),1579875549000,13160002,2,Cell - SN00000050,01014,235127.0,UNMANAGED,0
ObjectId("5e2afce489726631a820f648"),1579875549000,P124303992,3,Scale - SN00000050,01015,21560 kg,MANAGED,0
ObjectId("5e2edf4d85bbe786fa6a9058"),1580129898000,13160002,2,Cell - SN00000050,01014,250686.8,UNMANAGED,0
ObjectId("5e2edf4edbc8b459bacce77f"),1580129899000,P124303992,3,Scale - SN00000050,01015,22600 kg,MANAGED,0
ObjectId("5e2ee1d6dbc8b4c083cce826"),1580130765000,13160002,4,Cell - SN00000050,01014,204935.9,UNMANAGED,0
ObjectId("5e2ee1eedbc8b44d79cce835"),1580130788000,13160002,5,Cell - SN00000050,01014,239140.3,UNMANAGED,0
ObjectId("5e2ee1f1dbc8b480d3cce83a"),1580130788000,P124303992,6,Scale - SN00000050,01015,21820 kg,MANAGED,0
ObjectId("5e2ee343483b269fc96b1536"),1580131126000,13160002,16,Cell - SN00000050,01014,216231.3,UNMANAGED,0
ObjectId("5e2ee345483b2620e96b153f"),1580131131000,13160002,17,Cell - SN00000050,01014,235386.4,UNMANAGED,0
ObjectId("5e2ee347483b260dd86b1544"),1580131132000,P124303992,18,Scale - SN00000050,01015,21580 kg,MANAGED,0
ObjectId("5e2ee37d483b26f7d66b1559"),1580131188000,13160002,19,Cell - SN00000050,01014,210982.6,UNMANAGED,0
ObjectId("5e2ee386483b26ea346b1566"),1580131196000,13160002,20,Cell - SN00000050,01014,241565.2,UNMANAGED,0
ObjectId("5e2ee389483b2676af6b156b"),1580131196000,P124303992,21,Scale - SN00000050,01015,21980 kg,MANAGED,0
ObjectId("5e2ef644cc16b907dc2f2d5e"),1580135457000,13160002,25,Cell - SN00000050,01014,209953.4,UNMANAGED,0
ObjectId("5e2ef645cc16b933f32f2d6c"),1580135462000,13160002,26,Cell - SN00000050,01014,235332.6,UNMANAGED,0
ObjectId("5e2ef646cc16b969b32f2d71"),1580135462000,P124303992,27,Scale - SN00000050,01015,21560 kg,MANAGED,0
ObjectId("5e42aa6a11c7032c70b5ce96"),1581427291000,13160002,1,Cell - SN00000050,01014,215291.9,UNMANAGED,0
ObjectId("5e42aa6d11c70350e6b5ce9b"),1581427292000,13160002,2,Cell - SN00000050,01014,230866.3,UNMANAGED,0
ObjectId("5e42aa7011c7036138b5cea0"),1581427293000,P124303992,3,Scale - SN00000050,01015,21260 kg,UNMANAGED,0
ObjectId("5e42aa7c11c7034972b5cead"),1581427309000,13160002,4,Cell - SN00000050,01014,217027.5,UNMANAGED,0
ObjectId("5e42aa8511c7037e2eb5ceba"),1581427317000,13160002,5,Cell - SN00000050,01014,230884.0,UNMANAGED,0
ObjectId("5e42aa8811c7035d85b5cebf"),1581427317000,P124303992,6,Scale - SN00000050,01015,21260 kg,UNMANAGED,0
ObjectId("5e6a4cf45e0a8200071097ae"),1584024706000,ffffffff,1,Cell - SN00000050,01010,166666665,UNMANAGED,0
ObjectId("5e6a4cf75e0a8200071097b3"),1584024706000,P124303992,2,Scale - SN00000050,01007,,UNMANAGED,0
ObjectId("5e6a4cfa5e0a8200071097b5"),1584024706000,P124303992,3,Scale - SN00000050,01007,,UNMANAGED,0
ObjectId("5e6a4cfd5e0a8200071097b7"),1584024706000,P124303992,4,Scale - SN00000050,01007,,UNMANAGED,0
ObjectId("5e6a4d155e0a8200071097bc"),1584024748000,ffffffff,5,Cell - SN00000050,01010,407.5,UNMANAGED,0
ObjectId("5e6a4d7b5e0a8200071097c7"),1584024801000,ffffffff,1,Cell - SN00000050,01010,166666665,UNMANAGED,0
ObjectId("5e6a4d7e5e0a8200071097cc"),1584024801000,ffffffff,2,Cell - SN00000050,01010,166666665,UNMANAGED,0
ObjectId("5e6a4d815e0a8200071097d1"),1584024801000,P124303992,3,Scale - SN00000050,01001,,UNMANAGED,0
ObjectId("5e6a4d845e0a8200071097d6"),1584024801000,P124303992,4,Scale - SN00000050,01001,,UNMANAGED,0
ObjectId("5e6a4d875e0a8200071097db"),1584024847000,ffffffff,5,Cell - SN00000050,01010,407.5,UNMANAGED,0
ObjectId("5e6a4d8a5e0a8200071097e0"),1584024847000,ffffffff,6,Cell - SN00000050,01010,410.2,UNMANAGED,0
