_id,name
ObjectId("5c77a58172c8ba4b991e5865"),NIMER d.o.o.
ObjectId("5c77a43972c8ba4b991e5334"),Bilanciai Algerie S.A.R.L.
ObjectId("5c77a59b72c8ba4b991e58bc"),inan Braun Electrical Technology Co. Ltd
ObjectId("5c77a59672c8ba4b991e58b1"),LA - Integrating Packaging Technologies
ObjectId("5c77a5a672c8ba4b991e58dc"),.A. Scale Company(PTY) LTD
ObjectId("5c77a5ad72c8ba4b991e58f0"),ogistica Senso S.A.
ObjectId("5c77a5b472c8ba4b991e58fe"),ational Weighing & Instruments Pty Ltd
ObjectId("5c77a5b872c8ba4b991e590a"),Ingenieria Galo Scale Ltda
ObjectId("5c77a5bd72c8ba4b991e5917"),HAMI Tejarat Aral co.
ObjectId("5c77a59072c8ba4b991e58a2"),asculas Braunker S.A.
ObjectId("5c77a5c072c8ba4b991e5921"),Vemata Ooo
ObjectId("5c77a5a172c8ba4b991e58d4"),l Sale Eastern Company Ltd.
