_id,name,serialNumber,terminalModel,geoLat,geoLng,subsidiaryCompany,dealerCompany,__v
ObjectId("5cd991d25362de001b513072"),Coop Bilanciai,S190601082,DD1010,44.6815,10.8482,ObjectId("5c77a20172c8ba4b991e4c5f"),ObjectId("5c77a43972c8ba4b991e5334"),0
ObjectId("5cd98e4c5362de001b513071"),Centralino CB,P191021852,DD1010,44.6817,10.848,ObjectId("5c77a20172c8ba4b991e4c5f"),ObjectId("5c77a43972c8ba4b991e5334"),0
ObjectId("5cda6da6ca76a8001b14872a"),Coop Bilanciai T2,S094400502,DD1010,44.6823,10.8452,ObjectId("5c77a20172c8ba4b991e4c5f"),,0
ObjectId("5de8eaa1ebee3d08721065a5"),Coop Bilanciai2,S190601082aa,DD1010,44.6815,10.8482,ObjectId("5c77a20172c8ba4b991e4c5f"),ObjectId("5c77a43972c8ba4b991e5334"),0
ObjectId("5def6a2880d44f001b884630"),Office 156,P124303992,FLYNET,44.682,10.847,ObjectId("5c77a20172c8ba4b991e4c5f"),,0
ObjectId("5df8876bd04657001bdcbc34"),DD700 Office R&D,50005,DD700,44.68,10.86,ObjectId("5c77a20172c8ba4b991e4c5f"),,0
ObjectId("5dfb48390583cac81ea02172"),COBI,S173004032,DD1010,11,22,ObjectId("5c77a20172c8ba4b991e4c5f"),,0
ObjectId("5dfb48630583cac81ea0218d"),COBI,S172601482,DD1010,22,33,ObjectId("5c77a20172c8ba4b991e4c5f"),,0
ObjectId("5e16f701311357001bf06ce7"),Test Windows,W8128666S,S736452718SS4,40.9,18.3,ObjectId("5c77a38772c8ba4b991e507d"),ObjectId("5c77a5ad72c8ba4b991e58f0"),0
ObjectId("5e1714be311357001bf0709a"),Test,99019901,Test,43.2,18.5,ObjectId("5c77a38772c8ba4b991e507d"),,0
