_id,name
ObjectId("5c77a39f72c8ba4b991e50da"),Bilanciai Pesage S.A.R.L
ObjectId("5c77a20172c8ba4b991e4c5f"),Cooperativa Bilanciai Modena
ObjectId("5c77a3cb72c8ba4b991e5148"),Pfister Waagen Bilanciai GmbH
ObjectId("5c77a38772c8ba4b991e507d"),Ariservis, S.A.
ObjectId("5c77a41072c8ba4b991e523d"),Pfister Waagen AG
ObjectId("5c77a3b872c8ba4b991e5110"),B-TEK Scales LLC
ObjectId("5c77a40672c8ba4b991e51c8"),Weightron Bilanciai Ltd
ObjectId("5c77a37772c8ba4b991e5034"),Cachapuz LDA
ObjectId("5c77a3dc72c8ba4b991e517d"),Pfister Weegtechniek B.V.
ObjectId("5c77a3ee72c8ba4b991e51a3"),Pfister Weegtechniek Belgium N.V.
ObjectId("5df3c07530b1045574ff3c6a"),modificato
ObjectId("5df3c0b530b1045574ff3c6f"),test4
ObjectId("5df3c0b530b1045574ff3c70"),test5
ObjectId("5df3c0b530b1045574ff3c6e"),test6
ObjectId("5e17371a311357001bf0714b"),Molo 17
ObjectId("5e1738ce311357001bf0718d"),Molo 18
ObjectId("5e1738f5311357001bf0718e"),Molo32
ObjectId("5e1740a3311357001bf07191"),Molo&72 sha sha sha dhsajdsjd 4647 f898 3878323 dys0 $$%%&& // (( ))
